campaign_id,brand,category,platform,total_budget,start_date,end_date,target_creator_tier
C001,D2C Brand 1,D2C,youtube,10000,2024-01-01,2024-02-05,micro
C002,Entertainment Brand 2,entertainment,youtube,10000,2024-01-07,2024-02-13,micro
C003,Finance Brand 3,finance,youtube,11300,2024-01-16,2024-02-02,nano
C004,Fmcg Brand 4,FMCG,instagram,15100,2024-01-17,2024-02-01,macro
C005,Gaming Brand 5,gaming,instagram,27800,2024-01-26,2024-02-07,macro
C006,D2C Brand 6,D2C,instagram,10000,2024-02-02,2024-02-18,micro
C007,Gaming Brand 7,gaming,instagram,23200,2024-02-05,2024-03-07,macro
C008,Fmcg Brand 8,FMCG,instagram,139000,2024-02-08,2024-03-11,nano
C009,Finance Brand 9,finance,youtube,10000,2024-02-10,2024-03-01,nano
C010,D2C Brand 10,D2C,youtube,10000,2024-02-12,2024-03-13,micro
C011,D2C Brand 11,D2C,youtube,10000,2024-02-14,2024-03-01,nano
C012,D2C Brand 12,D2C,youtube,10000,2024-02-23,2024-03-20,micro
C013,Finance Brand 13,finance,youtube,11700,2024-02-29,2024-03-12,nano
C014,Finance Brand 14,finance,instagram,314900,2024-03-08,2024-04-07,micro
C015,D2C Brand 15,D2C,youtube,10000,2024-03-16,2024-04-03,nano
C016,D2C Brand 16,D2C,youtube,10000,2024-03-19,2024-04-13,mid
C017,Entertainment Brand 17,entertainment,youtube,10000,2024-03-23,2024-04-03,macro
C018,D2C Brand 18,D2C,youtube,10000,2024-03-29,2024-04-27,micro
C019,Fmcg Brand 19,FMCG,instagram,719800,2024-04-01,2024-05-15,mid
C020,Entertainment Brand 20,entertainment,instagram,628700,2024-04-03,2024-05-17,macro
C021,Fmcg Brand 21,FMCG,youtube,10000,2024-04-08,2024-04-17,nano
C022,Finance Brand 22,finance,instagram,57900,2024-04-13,2024-05-10,micro
C023,Gaming Brand 23,gaming,instagram,27400,2024-04-25,2024-05-06,micro
C024,D2C Brand 24,D2C,instagram,10000,2024-05-04,2024-06-08,nano
C025,Finance Brand 25,finance,instagram,149700,2024-05-04,2024-06-10,macro
C026,Gaming Brand 26,gaming,instagram,63100,2024-05-06,2024-05-23,micro
C027,Finance Brand 27,finance,instagram,66300,2024-05-16,2024-05-27,mid
C028,D2C Brand 28,D2C,instagram,12200,2024-05-19,2024-06-28,micro
C029,Fmcg Brand 29,FMCG,youtube,14200,2024-05-20,2024-06-24,micro
C030,Finance Brand 30,finance,youtube,50200,2024-06-01,2024-07-10,nano
C031,Fmcg Brand 31,FMCG,instagram,45100,2024-06-01,2024-06-24,micro
C032,D2C Brand 32,D2C,instagram,10000,2024-06-02,2024-06-20,mid
C033,Entertainment Brand 33,entertainment,instagram,10000,2024-06-07,2024-06-13,nano
C034,Finance Brand 34,finance,youtube,13200,2024-06-07,2024-06-17,micro
C035,Fmcg Brand 35,FMCG,youtube,10000,2024-06-10,2024-07-09,nano
C036,Fmcg Brand 36,FMCG,instagram,52500,2024-06-13,2024-07-20,nano
C037,Finance Brand 37,finance,youtube,15900,2024-06-22,2024-07-12,nano
C038,Fmcg Brand 38,FMCG,instagram,118600,2024-06-25,2024-07-13,nano
C039,D2C Brand 39,D2C,youtube,10000,2024-07-02,2024-07-13,macro
C040,Entertainment Brand 40,entertainment,instagram,40500,2024-07-04,2024-08-03,micro
C041,Gaming Brand 41,gaming,instagram,16900,2024-07-10,2024-08-13,micro
C042,Entertainment Brand 42,entertainment,instagram,121600,2024-07-11,2024-08-23,mid
C043,Fmcg Brand 43,FMCG,instagram,78300,2024-07-27,2024-09-02,macro
C044,Finance Brand 44,finance,instagram,158000,2024-07-29,2024-08-26,micro
C045,Fmcg Brand 45,FMCG,instagram,91900,2024-08-14,2024-08-25,micro
C046,Gaming Brand 46,gaming,instagram,20100,2024-08-15,2024-08-22,mid
C047,Entertainment Brand 47,entertainment,instagram,34600,2024-08-18,2024-09-04,macro
C048,Fmcg Brand 48,FMCG,youtube,12400,2024-08-24,2024-09-28,mid
C049,Gaming Brand 49,gaming,youtube,10000,2024-08-25,2024-09-08,nano
C050,Entertainment Brand 50,entertainment,youtube,10000,2024-08-29,2024-09-25,nano
C051,D2C Brand 51,D2C,youtube,10000,2024-09-03,2024-09-23,macro
C052,Finance Brand 52,finance,youtube,10000,2024-09-08,2024-09-16,mid
C053,Gaming Brand 53,gaming,instagram,10600,2024-09-09,2024-10-04,macro
C054,Entertainment Brand 54,entertainment,instagram,10000,2024-09-25,2024-10-12,macro
C055,Gaming Brand 55,gaming,youtube,10000,2024-09-28,2024-11-07,micro
C056,Finance Brand 56,finance,instagram,22900,2024-09-30,2024-11-04,mid
C057,Entertainment Brand 57,entertainment,instagram,10000,2024-10-01,2024-10-07,nano
C058,Entertainment Brand 58,entertainment,instagram,10000,2024-10-04,2024-10-25,micro
C059,D2C Brand 59,D2C,youtube,10000,2024-10-09,2024-10-25,mid
C060,D2C Brand 60,D2C,instagram,10000,2024-10-22,2024-11-03,mid
C061,Fmcg Brand 61,FMCG,instagram,61400,2024-11-04,2024-11-22,macro
C062,Finance Brand 62,finance,instagram,189900,2024-11-07,2024-12-13,nano
C063,Finance Brand 63,finance,youtube,53700,2024-11-16,2024-12-28,mid
C064,Gaming Brand 64,gaming,instagram,10000,2024-12-04,2024-12-15,nano
C065,Entertainment Brand 65,entertainment,instagram,159300,2024-12-14,2025-01-15,nano
C066,Entertainment Brand 66,entertainment,instagram,35400,2024-12-24,2025-01-29,macro
C067,Finance Brand 67,finance,youtube,44900,2025-01-03,2025-01-19,micro
C068,Entertainment Brand 68,entertainment,instagram,72500,2025-01-26,2025-02-24,nano
C069,Finance Brand 69,finance,youtube,16300,2025-01-31,2025-03-11,nano
C070,D2C Brand 70,D2C,youtube,10000,2025-02-12,2025-02-25,macro
C071,Gaming Brand 71,gaming,instagram,30500,2025-02-18,2025-03-13,macro
C072,Gaming Brand 72,gaming,youtube,10000,2025-02-20,2025-03-17,macro
C073,Fmcg Brand 73,FMCG,instagram,22400,2025-02-23,2025-04-06,macro
C074,Fmcg Brand 74,FMCG,youtube,10000,2025-02-23,2025-04-04,mid
C075,D2C Brand 75,D2C,youtube,10000,2025-03-20,2025-04-24,micro
C076,D2C Brand 76,D2C,instagram,10000,2025-03-25,2025-04-13,nano
C077,Finance Brand 77,finance,instagram,10700,2025-03-28,2025-04-16,mid
C078,Gaming Brand 78,gaming,instagram,96300,2025-03-31,2025-04-24,macro
C079,Fmcg Brand 79,FMCG,youtube,10000,2025-04-11,2025-04-20,nano
C080,Entertainment Brand 80,entertainment,youtube,10000,2025-04-15,2025-05-21,mid
C081,Finance Brand 81,finance,youtube,62000,2025-04-29,2025-05-27,mid
C082,Finance Brand 82,finance,instagram,177900,2025-04-30,2025-06-04,macro
C083,Entertainment Brand 83,entertainment,instagram,145500,2025-05-02,2025-06-13,macro
C084,Finance Brand 84,finance,youtube,76800,2025-05-03,2025-05-11,macro
C085,Finance Brand 85,finance,youtube,20100,2025-05-12,2025-06-03,nano
C086,Fmcg Brand 86,FMCG,youtube,23000,2025-05-21,2025-07-04,micro
C087,Fmcg Brand 87,FMCG,youtube,35800,2025-06-03,2025-07-08,nano
C088,Fmcg Brand 88,FMCG,instagram,86200,2025-06-03,2025-07-02,micro
C089,D2C Brand 89,D2C,instagram,10000,2025-06-04,2025-07-06,mid
C090,Entertainment Brand 90,entertainment,instagram,37100,2025-06-07,2025-06-29,micro
C091,Entertainment Brand 91,entertainment,youtube,10000,2025-06-12,2025-07-07,micro
C092,Entertainment Brand 92,entertainment,instagram,20100,2025-06-16,2025-07-12,macro
C093,Finance Brand 93,finance,youtube,10000,2025-06-16,2025-07-12,nano
C094,Gaming Brand 94,gaming,youtube,10000,2025-06-24,2025-07-25,nano
C095,Entertainment Brand 95,entertainment,youtube,14700,2025-07-14,2025-08-14,macro
C096,D2C Brand 96,D2C,youtube,10000,2025-07-18,2025-08-05,nano
C097,Gaming Brand 97,gaming,instagram,11000,2025-08-24,2025-09-20,micro
C098,Fmcg Brand 98,FMCG,instagram,29500,2025-08-26,2025-09-23,micro
C099,D2C Brand 99,D2C,instagram,10000,2025-08-28,2025-10-05,mid
C100,D2C Brand 100,D2C,youtube,10000,2025-08-31,2025-09-16,mid
C101,Finance Brand 101,finance,youtube,10000,2025-09-02,2025-09-08,micro
C102,Finance Brand 102,finance,youtube,10000,2025-09-03,2025-09-30,mid
C103,Finance Brand 103,finance,instagram,68400,2025-09-08,2025-09-18,micro
C104,Finance Brand 104,finance,instagram,79100,2025-09-09,2025-10-16,micro
C105,D2C Brand 105,D2C,instagram,12200,2025-09-14,2025-10-19,mid
C106,Entertainment Brand 106,entertainment,youtube,10000,2025-09-22,2025-11-04,micro
C107,Gaming Brand 107,gaming,instagram,26100,2025-09-25,2025-10-16,mid
C108,Finance Brand 108,finance,youtube,10000,2025-09-27,2025-10-04,micro
C109,Finance Brand 109,finance,youtube,10000,2025-09-27,2025-10-06,micro
C110,Fmcg Brand 110,FMCG,youtube,18600,2025-10-01,2025-11-06,mid
C111,D2C Brand 111,D2C,youtube,10000,2025-10-08,2025-10-29,macro
C112,Finance Brand 112,finance,instagram,193500,2025-10-22,2025-11-24,macro
C113,Fmcg Brand 113,FMCG,instagram,100200,2025-11-02,2025-12-02,micro
C114,Gaming Brand 114,gaming,instagram,10000,2025-11-05,2025-11-24,mid
C115,D2C Brand 115,D2C,instagram,10000,2025-11-16,2025-11-26,macro
C116,Fmcg Brand 116,FMCG,youtube,14900,2025-11-22,2025-12-26,micro
C117,Fmcg Brand 117,FMCG,instagram,78300,2025-11-29,2026-01-03,micro
C118,Fmcg Brand 118,FMCG,youtube,47000,2025-12-03,2026-01-11,nano
C119,D2C Brand 119,D2C,instagram,10000,2025-12-04,2026-01-10,mid
C120,Finance Brand 120,finance,instagram,139300,2025-12-08,2025-12-27,macro
