creator_id,platform,follower_count,tier,account_age_months,historical_avg_views_per_post,historical_completion_rate
CR0001,instagram,5777,nano,73,534,0.25
CR0002,instagram,1057,nano,78,86,0.0
CR0003,instagram,93610,micro,56,3828,0.4
CR0004,youtube,1414,nano,69,212,0.0
CR0005,instagram,1123,nano,28,192,0.0
CR0006,instagram,4508,nano,52,651,0.33
CR0007,instagram,1133,nano,59,172,0.0
CR0008,instagram,3776870,macro,24,62480,0.33
CR0009,youtube,1079,nano,66,271,0.5
CR0010,instagram,424489,mid,19,3820,0.5
CR0011,instagram,1967,nano,28,913,0.0
CR0012,instagram,5718,nano,63,653,0.12
CR0013,youtube,11731,micro,61,766,0.67
CR0014,instagram,4933,nano,73,493,0.44
CR0015,instagram,1028,nano,57,328,0.12
CR0016,instagram,1011,nano,70,134,0.0
CR0017,instagram,1016,nano,70,550,0.0
CR0018,instagram,16072,micro,29,2578,0.67
CR0019,instagram,7035,nano,49,403,0.33
CR0020,instagram,1058,nano,78,138,0.0
CR0021,instagram,6225,nano,70,2098,0.0
CR0022,instagram,1474,nano,32,367,0.27
CR0023,youtube,4439,nano,27,686,0.0
CR0024,instagram,1010,nano,76,73,0.0
CR0025,youtube,3881,nano,29,1200,0.57
CR0026,instagram,429789,mid,44,11081,0.83
CR0027,instagram,57180,micro,34,2825,1.0
CR0028,youtube,1075,nano,65,166,0.0
CR0029,youtube,1091,nano,21,50,0.0
CR0030,instagram,1019,nano,75,242,0.22
CR0031,youtube,1221,nano,40,121,0.33
CR0032,instagram,1647,nano,60,0,0.0
CR0033,youtube,4722,nano,78,336,0.14
CR0034,youtube,6589,nano,22,0,0.0
CR0035,instagram,2270,nano,63,1257,0.38
CR0036,youtube,1907,nano,62,300,0.0
CR0037,instagram,1473,nano,59,413,0.0
CR0038,instagram,1847332,macro,58,80284,0.75
CR0039,instagram,160565,mid,42,7064,0.43
CR0040,youtube,58134,micro,48,1937,0.33
CR0041,youtube,10748,micro,49,623,0.44
CR0042,youtube,1002,nano,59,120,0.0
CR0043,youtube,53024,micro,60,4595,0.5
CR0044,instagram,14370,micro,53,519,0.33
CR0045,instagram,1523,nano,64,1356,1.0
CR0046,instagram,1048,nano,53,459,0.0
CR0047,instagram,3850,nano,56,496,0.17
CR0048,youtube,1333,nano,77,258,0.11
CR0049,youtube,1353,nano,77,120,0.0
CR0050,instagram,71604,micro,57,2386,0.5
CR0051,youtube,1652039,macro,71,8037,0.6
CR0052,instagram,4057,nano,34,602,0.5
CR0053,instagram,1247,nano,50,542,0.2
CR0054,instagram,46013,micro,81,2125,0.5
CR0055,instagram,35618,micro,23,3183,0.67
CR0056,instagram,24859,micro,78,1903,0.0
CR0057,instagram,8749,nano,60,0,0.0
CR0058,instagram,129845,mid,27,10056,0.5
CR0059,instagram,1504,nano,66,1242,0.1
CR0060,instagram,81885,micro,22,0,0.0
CR0061,instagram,2269214,macro,33,81420,1.0
CR0062,youtube,1166292,macro,62,9464,0.86
CR0063,instagram,18011,micro,24,513,0.0
CR0064,instagram,47478,micro,27,2521,0.33
CR0065,youtube,9422,nano,65,310,0.33
CR0066,youtube,9933,nano,22,1584,0.0
CR0067,instagram,337891,mid,22,5873,0.67
CR0068,youtube,3974,nano,57,231,0.0
CR0069,instagram,90004,micro,58,5348,0.33
CR0070,instagram,3308,nano,17,1154,0.0
CR0071,instagram,1243,nano,65,197,0.0
CR0072,instagram,51252,micro,77,738,0.17
CR0073,youtube,3335192,macro,46,40002,0.8
CR0074,instagram,75384,micro,67,3631,0.5
CR0075,instagram,1625,nano,65,417,0.14
CR0076,instagram,9466118,macro,33,59066,0.67
CR0077,instagram,1026,nano,49,291,0.11
CR0078,instagram,1562474,macro,32,125632,0.88
CR0079,instagram,4696195,macro,69,48746,1.0
CR0080,youtube,1099,nano,53,45,0.0
CR0081,instagram,8378,nano,51,371,0.17
CR0082,youtube,2149,nano,43,105,0.0
CR0083,youtube,1041,nano,36,280,0.22
CR0084,youtube,1119,nano,44,81,0.14
CR0085,instagram,1369077,macro,32,35297,1.0
CR0086,instagram,22549,micro,65,11408,0.0
CR0087,youtube,1001,nano,71,94,0.0
CR0088,youtube,61326,micro,42,804,0.4
CR0089,instagram,155990,mid,28,19207,0.67
CR0090,instagram,1071,nano,40,191,0.09
CR0091,instagram,1202,nano,59,1406,1.0
CR0092,instagram,2027075,macro,38,35934,1.0
CR0093,youtube,70289,micro,66,1794,0.67
CR0094,instagram,1925,nano,72,172,0.2
CR0095,youtube,237256,mid,74,2262,1.0
CR0096,instagram,5459,nano,58,1919,0.67
CR0097,youtube,806138,mid,64,112467,0.4
CR0098,instagram,1912,nano,28,235,0.2
CR0099,instagram,143934,mid,41,2250,0.14
CR0100,instagram,1392,nano,64,297,0.0
CR0101,instagram,1173,nano,33,206,0.29
CR0102,instagram,4647157,macro,48,81416,0.5
CR0103,instagram,8985208,macro,32,120151,1.0
CR0104,instagram,3805242,macro,35,21239,0.5
CR0105,instagram,1668,nano,57,145,0.2
CR0106,instagram,6642,nano,19,1020,0.14
CR0107,instagram,31529,micro,20,0,0.0
CR0108,instagram,1294,nano,58,473,0.6
CR0109,instagram,1005,nano,43,281,0.0
CR0110,instagram,1067,nano,35,88,0.0
CR0111,youtube,44458,micro,35,2495,1.0
CR0112,instagram,1358,nano,26,488,0.0
CR0113,youtube,481829,mid,77,27582,0.6
CR0114,instagram,43125,micro,40,1997,0.57
CR0115,youtube,1114,nano,43,680,0.5
CR0116,youtube,1123,nano,34,116,0.22
CR0117,youtube,1113,nano,44,170,0.33
CR0118,instagram,1071,nano,62,338,0.33
CR0119,youtube,1043,nano,34,25,0.0
CR0120,instagram,63653,micro,26,3943,0.5
CR0121,youtube,13598,micro,17,2285,1.0
CR0122,youtube,3034,nano,60,172,0.38
CR0123,instagram,1326,nano,26,0,0.0
CR0124,instagram,5409379,macro,70,53654,0.33
CR0125,instagram,1296,nano,30,131,0.0
CR0126,instagram,173277,mid,63,7077,0.0
CR0127,instagram,6090286,macro,39,174299,0.8
CR0128,instagram,1271,nano,28,229,0.67
CR0129,instagram,1008,nano,29,130,0.0
CR0130,youtube,4647,nano,53,446,0.29
CR0131,instagram,1579,nano,28,272,0.0
CR0132,instagram,1759,nano,57,1563,0.0
CR0133,instagram,1004,nano,58,117,0.0
CR0134,instagram,4067,nano,77,266,0.17
CR0135,instagram,164442,mid,26,12936,1.0
CR0136,instagram,1718,nano,48,373,0.2
CR0137,youtube,1596,nano,42,170,0.2
CR0138,youtube,1688026,macro,35,175512,0.83
CR0139,instagram,1900,nano,72,325,0.11
CR0140,instagram,48202,micro,24,6823,0.5
CR0141,instagram,10032,micro,66,960,0.12
CR0142,instagram,9888,nano,42,4965,0.14
CR0143,youtube,33335,micro,54,333,0.25
CR0144,youtube,1069,nano,16,15,0.0
CR0145,instagram,2223253,macro,29,25366,0.75
CR0146,instagram,8430339,macro,39,41949,0.88
CR0147,instagram,1106,nano,42,645,0.0
CR0148,youtube,130490,mid,19,11176,0.83
CR0149,instagram,3025,nano,59,877,0.33
CR0150,youtube,16203,micro,28,259,0.25
CR0151,instagram,1076,nano,73,323,0.14
CR0152,instagram,1029,nano,79,180,0.0
CR0153,instagram,8760,nano,46,375,0.0
CR0154,instagram,1033,nano,53,142,0.0
CR0155,youtube,2651,nano,13,69,0.0
CR0156,youtube,1068,nano,76,118,0.0
CR0157,instagram,48812,micro,57,6801,0.5
CR0158,instagram,2547,nano,49,290,0.0
CR0159,instagram,82464,micro,72,6398,0.43
CR0160,instagram,273420,mid,54,12876,0.8
CR0161,instagram,25867,micro,74,3787,0.18
CR0162,instagram,19100,micro,77,1604,0.5
CR0163,instagram,9330,nano,38,1529,0.43
CR0164,instagram,173179,mid,36,8950,0.43
CR0165,instagram,3525,nano,20,832,0.0
CR0166,instagram,1013,nano,39,287,0.14
CR0167,youtube,1065,nano,54,302,0.14
CR0168,instagram,6828,nano,39,542,0.2
CR0169,instagram,11074,micro,39,766,0.17
CR0170,instagram,2238,nano,56,363,0.25
CR0171,instagram,9376,nano,71,362,0.0
CR0172,youtube,2851,nano,40,313,0.5
CR0173,youtube,26356,micro,69,1230,0.33
CR0174,instagram,288325,mid,35,799222,1.0
CR0175,youtube,2554,nano,16,165,0.0
CR0176,youtube,54282,micro,50,3074,0.5
CR0177,instagram,3096,nano,79,554,0.11
CR0178,instagram,286084,mid,48,8213,0.75
CR0179,instagram,111742,mid,46,10549,0.6
CR0180,youtube,46316,micro,68,1922,0.5
CR0181,instagram,4379503,macro,71,37777,0.33
CR0182,instagram,1639,nano,54,450,0.5
CR0183,instagram,604311,mid,39,57179,0.67
CR0184,instagram,70962,micro,49,7866,1.0
CR0185,youtube,1140,nano,50,212,0.75
CR0186,instagram,28565,micro,54,1912,0.5
CR0187,instagram,1997,nano,72,350,0.0
CR0188,instagram,1302,nano,38,750,0.25
CR0189,youtube,1180,nano,71,153,0.25
CR0190,instagram,168913,mid,53,22402,1.0
CR0191,instagram,4092,nano,26,588,0.2
CR0192,instagram,771274,mid,80,18774,0.75
CR0193,instagram,30404,micro,69,1092,0.5
CR0194,youtube,4705041,macro,68,25455,1.0
CR0195,instagram,1093,nano,57,158,0.0
CR0196,instagram,20177,micro,36,1206,0.0
CR0197,instagram,4273,nano,77,976,0.0
CR0198,instagram,2669,nano,49,0,0.0
CR0199,instagram,8464,nano,21,355,0.0
CR0200,youtube,1332,nano,63,143,0.0
CR0201,youtube,1051,nano,45,49,0.0
CR0202,instagram,2293,nano,29,2583,0.33
CR0203,youtube,219036,mid,73,3135,0.75
CR0204,youtube,2644,nano,75,118,0.14
CR0205,instagram,2160,nano,57,323,0.0
CR0206,instagram,3292,nano,30,572,0.0
CR0207,instagram,649790,mid,38,27316,0.8
CR0208,instagram,1453,nano,61,589,0.0
CR0209,youtube,7641,nano,29,330,0.33
CR0210,instagram,1070,nano,72,223,0.0
CR0211,instagram,4079,nano,76,689,0.17
CR0212,youtube,1017,nano,71,43,0.0
CR0213,youtube,3238,nano,12,265,0.0
CR0214,instagram,1022,nano,43,255,0.17
CR0215,youtube,44935,micro,19,550,0.29
CR0216,instagram,4178,nano,22,611,0.12
CR0217,instagram,1070,nano,63,777,0.56
CR0218,instagram,1810,nano,25,305,0.11
CR0219,youtube,6858,nano,35,730,0.4
CR0220,instagram,817831,mid,23,6625,0.53
CR0221,instagram,4049,nano,56,1254,0.4
CR0222,youtube,1682,nano,64,285,1.0
CR0223,instagram,7919,nano,30,1584,0.5
CR0224,instagram,1078,nano,58,789,0.14
CR0225,instagram,1400,nano,74,270,0.0
CR0226,instagram,26527,micro,65,2447,1.0
CR0227,instagram,33873,micro,56,1914,0.43
CR0228,youtube,1000,nano,14,0,0.0
CR0229,youtube,217654,mid,38,1764,0.67
CR0230,instagram,1006,nano,58,165,0.0
CR0231,instagram,1046,nano,72,1125,0.5
CR0232,youtube,3250,nano,72,520,0.25
CR0233,instagram,4043,nano,38,566,0.17
CR0234,instagram,2590298,macro,57,73865,1.0
CR0235,instagram,427224,mid,25,10157,0.75
CR0236,youtube,1048,nano,28,617,0.17
CR0237,youtube,1040,nano,66,93,0.12
CR0238,instagram,1040,nano,51,298,0.43
CR0239,instagram,13168,micro,74,628,0.0
CR0240,instagram,1012,nano,71,308,0.0
CR0241,instagram,1636,nano,56,226,0.2
CR0242,instagram,1076,nano,64,574,0.17
CR0243,instagram,3414,nano,30,552,0.43
CR0244,instagram,7745,nano,71,1498,0.33
CR0245,instagram,2363,nano,20,662,0.33
CR0246,instagram,96416,micro,25,16222,0.5
CR0247,instagram,4559371,macro,72,65843,1.0
CR0248,youtube,6428,nano,62,509,0.57
CR0249,instagram,1021,nano,35,332,0.0
CR0250,youtube,6867617,macro,35,49889,1.0
CR0251,youtube,1114,nano,39,98,0.0
CR0252,instagram,1376,nano,57,477,0.17
CR0253,instagram,3778868,macro,26,37481,0.82
CR0254,youtube,4141187,macro,50,108829,1.0
CR0255,instagram,1202,nano,67,1392,0.4
CR0256,instagram,1105,nano,48,1677,0.29
CR0257,youtube,555043,mid,48,0,0.0
CR0258,instagram,1128,nano,50,241,0.33
CR0259,instagram,1023,nano,37,206,0.0
CR0260,youtube,75187,micro,33,1235,0.67
CR0261,instagram,4201,nano,81,594,0.0
CR0262,instagram,2197,nano,78,126,0.0
CR0263,instagram,3692735,macro,28,212692,0.78
CR0264,instagram,1782,nano,30,694,0.2
CR0265,youtube,1100,nano,48,75,0.1
CR0266,instagram,2034,nano,71,527,0.25
CR0267,instagram,9903547,macro,52,37376,0.75
CR0268,youtube,2176,nano,33,462,0.12
CR0269,youtube,26789,micro,78,599,0.5
CR0270,youtube,3635,nano,35,183,0.17
CR0271,instagram,3453,nano,81,686,0.43
CR0272,instagram,64604,micro,45,10101,0.5
CR0273,instagram,5793541,macro,24,387307,1.0
CR0274,instagram,22921,micro,35,3085,0.56
CR0275,youtube,2185,nano,64,557,0.67
CR0276,youtube,1078,nano,80,184,0.0
CR0277,youtube,5185,nano,46,374,0.5
CR0278,instagram,4228321,macro,45,156443,1.0
CR0279,instagram,1027,nano,56,328,0.0
CR0280,instagram,3586878,macro,37,19136,0.4
CR0281,instagram,98980,micro,34,1035,0.67
CR0282,instagram,1243,nano,41,450,0.12
CR0283,instagram,5103,nano,69,166,0.0
CR0284,instagram,582133,mid,34,12021,0.5
CR0285,youtube,1021,nano,50,205,0.5
CR0286,youtube,2896976,macro,19,14045,1.0
CR0287,youtube,2941,nano,30,180,0.2
CR0288,instagram,8478,nano,23,426,0.33
CR0289,instagram,6618,nano,21,740,0.25
CR0290,instagram,100412,mid,38,8794,0.6
CR0291,instagram,5723269,macro,43,82043,1.0
CR0292,youtube,19272,micro,31,1177,0.5
CR0293,instagram,1143,nano,75,212,0.11
CR0294,youtube,1287,nano,58,307,0.17
CR0295,youtube,816677,mid,52,6538,0.83
CR0296,instagram,1101,nano,77,136,0.17
CR0297,instagram,188418,mid,20,8013,0.29
CR0298,youtube,1573,nano,33,167,0.0
CR0299,instagram,18506,micro,58,2394,0.17
CR0300,instagram,1119,nano,26,378,0.2
CR0301,youtube,245540,mid,78,15561,1.0
CR0302,instagram,1160,nano,81,176,0.33
CR0303,youtube,1038077,macro,38,6651,1.0
CR0304,instagram,1367,nano,81,385,0.17
CR0305,instagram,1042,nano,42,174,0.0
CR0306,youtube,55101,micro,53,1687,0.5
CR0307,youtube,9748,nano,30,892,0.5
CR0308,instagram,6517,nano,53,1439,0.2
CR0309,instagram,2696,nano,67,1141,0.33
CR0310,instagram,1224,nano,25,87,0.0
CR0311,instagram,12353,micro,61,914,0.17
CR0312,instagram,1071,nano,64,137,0.17
CR0313,instagram,1628,nano,42,1358,0.17
CR0314,youtube,72268,micro,77,1526,0.75
CR0315,youtube,1172,nano,19,14,0.0
CR0316,instagram,22824,micro,52,1103,0.2
CR0317,youtube,165209,mid,26,1965,0.75
CR0318,instagram,23566,micro,74,954,0.29
CR0319,youtube,5559,nano,64,844,0.5
CR0320,youtube,3809,nano,22,323,0.4
CR0321,instagram,1459,nano,64,373,0.11
CR0322,instagram,5970,nano,61,1972,0.2
CR0323,youtube,6074,nano,71,266,0.25
CR0324,instagram,608962,mid,69,21721,0.73
CR0325,youtube,1077,nano,48,57,0.0
CR0326,instagram,8715081,macro,75,96214,0.86
CR0327,instagram,1112,nano,33,590,0.17
CR0328,youtube,2223,nano,21,284,0.33
CR0329,youtube,1991,nano,34,213,0.6
CR0330,instagram,1153,nano,79,379,0.0
CR0331,youtube,3626,nano,23,357,0.33
CR0332,instagram,1067882,macro,79,26944,0.29
CR0333,youtube,2214,nano,47,264,0.5
CR0334,youtube,2194,nano,28,313,0.5
CR0335,instagram,1038,nano,41,403,0.2
CR0336,youtube,1735339,macro,43,5389,0.5
CR0337,instagram,3235,nano,24,620,0.0
CR0338,youtube,1293,nano,25,85,0.0
CR0339,instagram,434027,mid,58,10173,0.17
CR0340,youtube,5474,nano,82,558,0.6
CR0341,instagram,1052687,macro,37,148235,0.75
CR0342,instagram,602719,mid,67,34077,0.86
CR0343,instagram,1305,nano,56,71,0.0
CR0344,instagram,3660590,macro,36,119320,1.0
CR0345,instagram,580257,mid,21,6841,1.0
CR0346,youtube,210034,mid,44,960,0.5
CR0347,instagram,1816,nano,53,513,0.33
CR0348,instagram,4761,nano,42,352,0.09
CR0349,youtube,39563,micro,47,925,0.0
CR0350,instagram,5223,nano,60,220,0.0
CR0351,youtube,57128,micro,19,1519,0.5
CR0352,youtube,1257,nano,37,73,0.0
CR0353,instagram,799211,mid,53,10665,0.67
CR0354,instagram,11305,micro,79,2272,0.0
CR0355,instagram,1344,nano,81,405,0.5
CR0356,instagram,166441,mid,42,6931,0.86
CR0357,instagram,898357,mid,28,27984,0.75
CR0358,instagram,1042,nano,61,286,0.5
CR0359,instagram,2897,nano,20,353,0.0
CR0360,instagram,13281,micro,81,2868,0.5
CR0361,youtube,1071,nano,70,262,0.43
CR0362,instagram,1052,nano,81,320,0.0
CR0363,youtube,1008,nano,47,141,0.0
CR0364,instagram,1063,nano,31,69,0.0
CR0365,youtube,2333,nano,34,340,1.0
CR0366,youtube,12160,micro,73,795,0.57
CR0367,instagram,1120,nano,22,366,0.25
CR0368,instagram,10406,micro,69,4151,0.33
CR0369,instagram,1084,nano,80,151,0.0
CR0370,instagram,4262,nano,21,839,0.33
CR0371,instagram,1326141,macro,51,180257,0.86
CR0372,instagram,169871,mid,73,12505,0.0
CR0373,instagram,1073,nano,39,223,0.0
CR0374,instagram,1066,nano,81,817,0.5
CR0375,instagram,1034,nano,63,79,0.0
CR0376,youtube,223840,mid,22,70360,0.6
CR0377,instagram,57422,micro,73,1393,0.4
CR0378,instagram,2041,nano,67,478,0.14
CR0379,instagram,435574,mid,33,13456,0.25
CR0380,instagram,82874,micro,42,4055,0.5
CR0381,instagram,3025,nano,69,241,0.12
CR0382,youtube,1079,nano,37,455,0.25
CR0383,instagram,1126,nano,80,311,0.33
CR0384,youtube,4428,nano,54,0,0.0
CR0385,instagram,1283,nano,72,240,0.17
CR0386,youtube,267273,mid,66,8957,0.86
CR0387,youtube,1470750,macro,63,11047,0.5
CR0388,instagram,13103,micro,56,747,0.2
CR0389,instagram,1091,nano,21,367,0.29
CR0390,youtube,1764,nano,32,0,0.0
CR0391,youtube,1140,nano,66,115,0.33
CR0392,instagram,1157,nano,37,240,0.0
CR0393,instagram,563088,mid,40,17232,0.25
CR0394,instagram,37765,micro,18,940,0.33
CR0395,instagram,4345,nano,24,440,0.43
CR0396,youtube,1479,nano,23,372,0.43
CR0397,instagram,5927,nano,57,284,0.0
CR0398,instagram,2460,nano,75,305,0.29
CR0399,youtube,1875,nano,74,262,0.2
CR0400,instagram,179155,mid,65,13981,0.8
CR0401,youtube,27732,micro,46,799,0.0
CR0402,youtube,4534,nano,56,297,0.4
CR0403,instagram,1584841,macro,38,28823,1.0
CR0404,instagram,1052,nano,28,213,0.2
CR0405,instagram,37684,micro,54,6668,1.0
CR0406,instagram,7081,nano,77,1030,0.6
CR0407,instagram,1234,nano,25,857,0.5
CR0408,youtube,1696316,macro,52,6419,0.75
CR0409,instagram,1580716,macro,66,870786,0.83
CR0410,instagram,6300,nano,37,1729,0.29
CR0411,instagram,4234,nano,66,963,0.6
CR0412,instagram,5034,nano,38,0,0.0
CR0413,instagram,43575,micro,33,2887,0.4
CR0414,instagram,35261,micro,42,1431,0.33
CR0415,youtube,1808,nano,81,294,0.0
CR0416,instagram,3919,nano,43,599,0.25
CR0417,youtube,1277,nano,52,593,0.4
CR0418,youtube,64477,micro,21,1071,0.5
CR0419,youtube,1068,nano,64,101,0.0
CR0420,youtube,1061,nano,33,631,0.0
CR0421,instagram,146871,mid,75,23921,0.55
CR0422,instagram,612981,mid,82,30621,0.57
CR0423,youtube,1359,nano,52,54,0.0
CR0424,instagram,8328,nano,28,1926,1.0
CR0425,instagram,103319,mid,29,5513,0.56
CR0426,youtube,1558,nano,79,156,0.0
CR0427,instagram,890659,mid,26,29410,0.5
CR0428,youtube,1089,nano,58,223,0.2
CR0429,instagram,1055667,macro,78,19128,0.5
CR0430,youtube,108072,mid,43,2553,0.75
CR0431,youtube,1391,nano,58,137,0.0
CR0432,instagram,5718,nano,62,266,0.12
CR0433,instagram,1756,nano,58,918,0.33
CR0434,instagram,2399414,macro,29,95681,0.83
CR0435,youtube,4791,nano,78,351,0.0
CR0436,instagram,156487,mid,59,9052,0.4
CR0437,youtube,1038,nano,32,106,0.0
CR0438,instagram,631883,mid,41,12247,0.25
CR0439,instagram,1060,nano,38,260,0.33
CR0440,instagram,1586,nano,31,242,0.22
CR0441,youtube,1728,nano,58,144,0.2
CR0442,instagram,7473,nano,35,327,0.0
CR0443,instagram,216909,mid,37,10711,0.8
CR0444,youtube,1119,nano,67,530,0.6
CR0445,instagram,124325,mid,31,6072,0.8
CR0446,instagram,1016,nano,45,262,0.0
CR0447,instagram,5791226,macro,80,170618,1.0
CR0448,youtube,2750,nano,49,152,0.33
CR0449,instagram,2050,nano,75,264,0.0
CR0450,instagram,1153760,macro,76,10860,0.5
CR0451,instagram,135529,mid,57,6420,0.67
CR0452,youtube,278392,mid,81,11488,0.88
CR0453,youtube,1054,nano,31,211,0.25
CR0454,instagram,1610,nano,41,317,0.0
CR0455,instagram,1003,nano,66,329,0.0
CR0456,youtube,4539,nano,36,561,0.33
CR0457,youtube,17380,micro,51,3082,0.25
CR0458,instagram,15543,micro,28,1304,0.2
CR0459,youtube,1440,nano,50,561,0.29
CR0460,instagram,93238,micro,68,11516,0.5
CR0461,instagram,1130,nano,65,668,0.0
CR0462,instagram,828707,mid,22,27727,0.67
CR0463,instagram,3478,nano,62,255,0.0
CR0464,instagram,14174,micro,74,3539,0.33
CR0465,instagram,3342,nano,44,629,0.17
CR0466,instagram,1005,nano,60,107,0.4
CR0467,instagram,1417,nano,50,254,0.25
CR0468,instagram,4917,nano,61,268,0.0
CR0469,youtube,754500,mid,51,44134,1.0
CR0470,youtube,3471,nano,24,374,0.2
CR0471,instagram,56553,micro,25,22379,0.71
CR0472,youtube,2636227,macro,50,21921,0.86
CR0473,instagram,1514,nano,28,155,0.11
CR0474,instagram,12949,micro,40,2772,0.44
CR0475,instagram,18882,micro,30,1246,0.44
CR0476,instagram,1222,nano,21,139,0.2
CR0477,youtube,10513,micro,48,449,0.0
CR0478,youtube,7043,nano,39,638,0.38
CR0479,youtube,18068,micro,25,815,0.25
CR0480,youtube,9248,nano,42,603,0.2
CR0481,youtube,432585,mid,44,20067,0.86
CR0482,instagram,3953176,macro,69,164709,1.0
CR0483,youtube,3590289,macro,66,13118,0.8
CR0484,youtube,2302344,macro,76,20689,1.0
CR0485,instagram,3876,nano,40,412,0.25
CR0486,youtube,207510,mid,74,4587,0.83
CR0487,youtube,3693,nano,33,346,0.33
CR0488,instagram,1021,nano,45,376,0.17
CR0489,instagram,315896,mid,61,14021,0.86
CR0490,youtube,4516,nano,58,509,0.4
CR0491,instagram,194137,mid,73,2162,0.25
CR0492,instagram,1007,nano,28,199,0.33
CR0493,instagram,205698,mid,60,18889,0.8
CR0494,youtube,1027,nano,49,141,0.25
CR0495,youtube,1001,nano,33,81,0.5
CR0496,youtube,46005,micro,53,846,0.33
CR0497,youtube,184109,mid,61,2366,0.67
CR0498,instagram,3609,nano,42,5864,0.4
CR0499,instagram,35867,micro,75,5700,0.5
CR0500,instagram,1756,nano,57,245,0.17
