campaign_id,milestone_rank,view_threshold,payout_amount
C001,1,500,100
C001,2,2000,600
C001,3,5000,1400
C001,4,20000,5600
C002,1,200,100
C002,2,1000,200
C002,3,5000,1000
C003,1,200,100
C003,2,1000,200
C003,3,5000,700
C003,4,20000,2800
C004,1,20000,3200
C004,2,50000,7900
C004,3,200000,31700
C004,4,1000000,158700
C005,1,200000,33900
C005,2,1000000,169500
C005,3,2500000,423700
C005,4,10000000,1695000
C005,5,25000000,4237400
C005,6,50000000,8474800
C006,1,500,100
C006,2,2000,200
C006,3,10000,1200
C006,4,50000,5900
C006,5,100000,11900
C006,6,250000,29600
C007,1,10000,1400
C007,2,20000,2900
C007,3,50000,7200
C008,1,250,100
C008,2,500,200
C008,3,2500,600
C009,1,100,100
C009,2,500,200
C009,3,1000,300
C009,4,2500,400
C009,5,5000,500
C009,6,10000,1000
C010,1,500,100
C010,2,2500,500
C011,1,200,100
C011,2,1000,400
C011,3,5000,2000
C011,4,10000,4000
C011,5,25000,10100
C012,1,2000,400
C012,2,5000,1000
C012,3,10000,1900
C013,1,200,100
C013,2,1000,200
C014,1,500,100
C014,2,1000,200
C014,3,5000,400
C014,4,10000,800
C014,5,50000,3800
C015,1,100,100
C015,2,500,200
C015,3,2000,500
C016,1,20000,3200
C016,2,100000,16200
C016,3,500000,81000
C017,1,20000,2600
C017,2,100000,13000
C017,3,250000,32400
C018,1,1000,200
C018,2,5000,1000
C018,3,10000,2000
C018,4,50000,10100
C019,1,5000,2100
C019,2,20000,8200
C020,1,50000,8700
C020,2,200000,35000
C020,3,500000,87500
C021,1,100,100
C021,2,250,200
C022,1,2000,200
C022,2,10000,800
C023,1,2000,300
C023,2,5000,800
C024,1,100,100
C024,2,500,200
C025,1,100000,11700
C025,2,250000,29300
C026,1,500,100
C026,2,2000,200
C026,3,10000,900
C026,4,50000,4500
C026,5,200000,18200
C026,6,1000000,91000
C027,1,10000,1000
C027,2,20000,1900
C027,3,100000,9700
C027,4,500000,48400
C028,1,500,100
C028,2,1000,300
C028,3,2500,700
C028,4,5000,1400
C028,5,20000,5600
C029,1,5000,800
C029,2,20000,3400
C029,3,100000,16800
C029,4,500000,84000
C029,5,2500000,419900
C029,6,5000000,839800
C030,1,250,100
C030,2,1000,200
C030,3,2000,300
C030,4,10000,1500
C030,5,25000,3700
C030,6,100000,14600
C031,1,1000,200
C031,2,2500,600
C031,3,10000,2500
C031,4,25000,6200
C031,5,50000,12500
C032,1,5000,600
C032,2,10000,1300
C032,3,50000,6400
C032,4,100000,12800
C033,1,200,100
C033,2,1000,300
C034,1,2000,200
C034,2,10000,1200
C034,3,25000,3100
C034,4,100000,12300
C034,5,250000,30800
C035,1,100,100
C035,2,500,200
C035,3,2000,300
C035,4,10000,500
C035,5,50000,2700
C036,1,200,100
C036,2,1000,200
C036,3,5000,1000
C036,4,10000,2000
C036,5,50000,9900
C036,6,200000,39700
C037,1,250,100
C037,2,1000,200
C037,3,2500,400
C037,4,5000,700
C037,5,20000,2800
C038,1,100,100
C038,2,500,200
C039,1,50000,9500
C039,2,100000,19000
C040,1,1000,100
C040,2,2500,300
C040,3,10000,1300
C040,4,20000,2600
C040,5,100000,12800
C040,6,250000,32000
C041,1,2500,600
C041,2,5000,1200
C041,3,10000,2300
C041,4,25000,5800
C041,5,100000,23100
C041,6,250000,57800
C042,1,10000,3400
C042,2,50000,17200
C043,1,50000,14400
C043,2,100000,28800
C043,3,200000,57600
C043,4,500000,144100
C043,5,1000000,288200
C044,1,1000,100
C044,2,2500,300
C044,3,5000,600
C044,4,20000,2600
C044,5,100000,12900
C045,1,2000,500
C045,2,5000,1300
C045,3,25000,6700
C045,4,100000,26800
C045,5,250000,67100
C045,6,500000,134100
C046,1,50000,14800
C046,2,200000,59300
C046,3,500000,148200
C047,1,50000,4900
C047,2,250000,24500
C047,3,500000,48900
C047,4,2000000,195700
C048,1,10000,1700
C048,2,50000,8300
C049,1,250,100
C049,2,500,200
C050,1,200,100
C050,2,500,200
C051,1,50000,8800
C051,2,200000,35300
C051,3,1000000,176300
C051,4,5000000,881700
C051,5,20000000,3526900
C052,1,5000,1200
C052,2,10000,2500
C052,3,20000,4900
C052,4,50000,12300
C052,5,200000,49100
C053,1,100000,17500
C053,2,500000,87500
C053,3,2000000,350100
C053,4,5000000,875200
C053,5,20000000,3500600
C054,1,25000,4200
C054,2,50000,8400
C054,3,250000,41800
C054,4,500000,83700
C054,5,2000000,334800
C055,1,1000,300
C055,2,5000,1300
C056,1,5000,800
C056,2,20000,3100
C057,1,200,100
C057,2,1000,200
C058,1,500,100
C058,2,2000,400
C058,3,5000,1000
C058,4,25000,4900
C058,5,100000,19700
C059,1,25000,6300
C059,2,100000,25200
C060,1,2000,200
C060,2,5000,600
C060,3,20000,2500
C060,4,100000,12400
C061,1,100000,20300
C061,2,250000,50800
C062,1,100,100
C062,2,250,200
C063,1,2500,300
C063,2,5000,600
C063,3,20000,2500
C063,4,50000,6300
C063,5,250000,31300
C064,1,500,100
C064,2,2000,300
C064,3,10000,1400
C064,4,20000,2700
C065,1,250,100
C065,2,500,200
C066,1,100000,19500
C066,2,500000,97300
C066,3,2000000,389300
C067,1,500,100
C067,2,2000,300
C067,3,5000,800
C067,4,10000,1500
C067,5,50000,7700
C068,1,250,100
C068,2,1000,300
C069,1,100,100
C069,2,500,200
C070,1,20000,1700
C070,2,50000,4200
C070,3,200000,17000
C070,4,1000000,84800
C070,5,5000000,424100
C070,6,25000000,2120700
C071,1,100000,49500
C071,2,250000,123700
C071,3,1000000,494900
C071,4,2500000,1237200
C071,5,10000000,4948900
C071,6,25000000,12372400
C072,1,50000,7300
C072,2,200000,29200
C072,3,500000,73000
C073,1,50000,4700
C073,2,200000,18800
C073,3,1000000,94200
C074,1,2500,700
C074,2,10000,2600
C074,3,50000,13100
C074,4,200000,52300
C074,5,1000000,261400
C074,6,2500000,653500
C075,1,500,100
C075,2,2000,200
C075,3,10000,1000
C076,1,250,100
C076,2,1000,200
C076,3,2500,300
C077,1,5000,300
C077,2,20000,1200
C077,3,100000,6000
C077,4,200000,12100
C077,5,500000,30200
C078,1,100000,18000
C078,2,500000,90200
C078,3,2000000,361000
C078,4,10000000,1805000
C078,5,50000000,9024800
C079,1,1000,100
C079,2,2500,200
C079,3,10000,1000
C080,1,5000,400
C080,2,25000,2000
C081,1,2000,100
C081,2,5000,300
C082,1,50000,5100
C082,2,250000,25400
C083,1,50000,27100
C083,2,200000,108600
C083,3,500000,271400
C084,1,50000,5600
C084,2,100000,11100
C084,3,500000,55500
C085,1,200,100
C085,2,1000,300
C085,3,2000,500
C085,4,5000,1300
C086,1,2000,200
C086,2,5000,400
C087,1,100,100
C087,2,250,200
C087,3,1000,300
C088,1,1000,300
C088,2,5000,1400
C088,3,20000,5400
C088,4,100000,27100
C088,5,500000,135600
C089,1,5000,400
C089,2,20000,1600
C089,3,50000,4100
C089,4,200000,16400
C090,1,1000,200
C090,2,5000,1000
C091,1,5000,400
C091,2,10000,800
C091,3,50000,4000
C091,4,250000,20200
C091,5,1000000,80600
C092,1,25000,3100
C092,2,100000,12400
C092,3,500000,61900
C093,1,500,100
C093,2,1000,200
C093,3,2000,400
C093,4,5000,900
C093,5,10000,1900
C094,1,100,100
C094,2,500,200
C094,3,1000,300
C094,4,2500,600
C094,5,10000,2200
C094,6,50000,11100
C095,1,20000,3800
C095,2,100000,18800
C095,3,500000,94200
C095,4,2000000,376600
C095,5,10000000,1883100
C096,1,100,100
C096,2,500,200
C096,3,2500,700
C096,4,5000,1300
C097,1,500,100
C097,2,2000,300
C097,3,10000,1300
C098,1,2500,200
C098,2,10000,900
C098,3,50000,4500
C098,4,100000,9000
C098,5,250000,22500
C098,6,1000000,89900
C099,1,10000,1700
C099,2,25000,4200
C099,3,100000,16900
C099,4,200000,33700
C099,5,1000000,168500
C099,6,2500000,421400
C100,1,1000,500
C100,2,5000,2400
C100,3,10000,4800
C100,4,50000,23800
C100,5,200000,95100
C100,6,1000000,475300
C101,1,2000,200
C101,2,10000,900
C101,3,25000,2300
C101,4,50000,4700
C101,5,200000,18700
C102,1,20000,1100
C102,2,100000,5300
C102,3,500000,26700
C102,4,2000000,106700
C102,5,5000000,266700
C102,6,10000000,533400
C103,1,500,100
C103,2,2500,300
C103,3,10000,1300
C103,4,25000,3300
C104,1,500,100
C104,2,1000,200
C104,3,2500,300
C104,4,10000,600
C104,5,50000,3000
C104,6,200000,12000
C105,1,25000,4100
C105,2,100000,16200
C106,1,2000,300
C106,2,5000,700
C106,3,10000,1400
C106,4,25000,3500
C106,5,50000,6900
C107,1,20000,2800
C107,2,100000,14200
C108,1,5000,1100
C108,2,20000,4400
C108,3,100000,21800
C108,4,500000,108800
C108,5,2000000,435200
C108,6,10000000,2176100
C109,1,250,100
C109,2,1000,200
C109,3,5000,600
C109,4,25000,3000
C110,1,2000,300
C110,2,10000,1300
C110,3,25000,3200
C110,4,100000,12900
C110,5,500000,64700
C110,6,2000000,258800
C111,1,100000,6500
C111,2,250000,16300
C112,1,25000,3300
C112,2,100000,13400
C113,1,2000,300
C113,2,5000,800
C113,3,10000,1700
C113,4,25000,4200
C113,5,100000,17000
C114,1,5000,1200
C114,2,20000,4700
C114,3,100000,23600
C114,4,250000,58900
C114,5,500000,117800
C115,1,20000,3400
C115,2,100000,16900
C115,3,500000,84700
C115,4,2000000,338700
C116,1,1000,200
C116,2,2500,600
C117,1,1000,100
C117,2,2500,300
C117,3,5000,600
C118,1,100,100
C118,2,250,200
C119,1,10000,800
C119,2,25000,2100
C119,3,100000,8400
C119,4,500000,41900
C119,5,2000000,167600
C120,1,50000,6200
C120,2,250000,31000
C120,3,1000000,124000
C120,4,5000000,620100
C120,5,20000000,2480400
C120,6,100000000,12401800
